{"time": 1699302794.4552145, "BITMAIN ANTMINER S19 XP": {"Bitcoin": [141.0, 0.00028905, 10.11183615, 72.768, 0.0020800960466512306]}, "BITMAIN ANTMINER S19 PRO": {"Bitcoin": [100.0, 0.000205, 7.171514999999999, 70.8, 0.002023840150930452]}, "JASMINER X16-Q": {"Ethereum Classic": [1.95, 0.0002106, 0.0038750399999999997, 15.12, 0.8217391304347826], "Callisto Network": [3.1, 8.06, 0.0055614, 15.12, 21913.043478260868]}, "ICERIVER KS3": {"Kaspa": [8.0, 0.00208, 0.000134784, 76.8, 1185.1851851851852]}}