{"time": 1699300340.2807028, "BITMAIN ANTMINER S19 XP": {"Bitcoin": [141.0, 0.00029328, 10.25658816, 72.768, 0.0020807503145373442]}, "BITMAIN ANTMINER S19 PRO": {"Bitcoin": [100.0, 0.000208, 7.274176, 70.8, 0.002024476724236532]}, "JASMINER X16-Q": {"Ethereum Classic": [1.95, 0.0002145, 0.003944655, 15.12, 0.8221859706362152], "Callisto Network": [3.1, 8.370000000000001, 0.005741820000000001, 15.12, 22040.81632653061]}}