{"time": 1699301411.77558, "BITMAIN ANTMINER S19 XP": {"Bitcoin": [141.0, 0.00028764, 10.08782244, 72.768, 0.0020748766787374185]}, "BITMAIN ANTMINER S19 PRO": {"Bitcoin": [100.0, 0.000204, 7.154484, 70.8, 0.0020187619400644408]}, "JASMINER X16-Q": {"Ethereum Classic": [1.95, 0.00020865, 0.003851679, 15.12, 0.8190682556879739], "Callisto Network": [3.1, 8.153, 0.005633723, 15.12, 21881.331403762662]}}